{"cameraMode":{"drawMode":0,"name":"Shaded","section":"Shading Mode"},"sceneLighting":false,"audioPlay":false,"sceneViewState":{"m_AlwaysRefresh":false,"showFog":true,"showSkybox":false,"showFlares":true,"showImageEffects":true,"showParticleSystems":true,"showVisualEffectGraphs":true,"m_FxEnabled":true},"in2DMode":false,"pivot":{"x":-0.7529847621917725,"y":-0.09068316221237183,"z":-1.5890285968780518},"rotation":{"x":0.024429261684417726,"y":0.9636994004249573,"z":-0.09302307665348053,"w":0.24989938735961915},"size":2.1781742572784426,"orthographic":false}